{"epochstep": 0, "batch/loss/train": 0.1359281837940216, "_timestamp": 1726494760.0525537, "_runtime": 416.7771646976471, "_step": 599, "images/train": {"_type": "images/separated", "width": 6912, "height": 1464, "format": "png", "count": 3, "filenames": ["media/images/images/train_1_deefaa99646c06ce3322.png", "media/images/images/train_1_630a4aad91023f1d3f4f.png", "media/images/images/train_1_1b9142017a3c1a93179c.png"]}}