{"epochstep": 1, "batch/loss/train": 0.009550971910357475, "_timestamp": 1726498557.556882, "_runtime": 1481.7114479541779, "_step": 6502, "images/train": {"_type": "images/separated", "width": 1080, "height": 360, "format": "png", "count": 15, "filenames": ["media/images/images/train_3964_6d124a19f1bdd471c55d.png", "media/images/images/train_3964_816594193e8f0e65fad9.png", "media/images/images/train_3964_c2fd296a3a48d7f15337.png", "media/images/images/train_3964_f00b684b0914f77e5601.png", "media/images/images/train_3964_60e0d5dd7011647a3a08.png", "media/images/images/train_3964_fc3f5a102e486622f2e1.png", "media/images/images/train_3964_1c0e6f99275169c8c578.png", "media/images/images/train_3964_8c609e13c20d1cca1bbb.png", "media/images/images/train_3964_32ed2f12bf4c5bfa8027.png", "media/images/images/train_3964_204426b4c09dde42772d.png", "media/images/images/train_3964_cd5ba605d5e50905582d.png", "media/images/images/train_3964_d37880b887fa552f3bd9.png", "media/images/images/train_3964_f128653a65a578a7feec.png", "media/images/images/train_3964_e78cc679efea7f8b6fb0.png", "media/images/images/train_3964_0eac1f8eb12bcc599802.png"]}, "batch/loss/": 0.03448792174458504, "images/val": {"_type": "images/separated", "width": 1080, "height": 360, "format": "png", "count": 15, "filenames": ["media/images/images/val_3566_70d189edc907a9b60ef2.png", "media/images/images/val_3566_6da0c0ab85a06f956675.png", "media/images/images/val_3566_df4db78cffb18c060d57.png", "media/images/images/val_3566_acf0b51ee5dfda78d10e.png", "media/images/images/val_3566_c4fbbcd918de9359a693.png", "media/images/images/val_3566_01ea974f1090a8f5fbbd.png", "media/images/images/val_3566_7cf617d668047f5eca5d.png", "media/images/images/val_3566_b8173b93725777fb9dac.png", "media/images/images/val_3566_686e462749918389060b.png", "media/images/images/val_3566_49d31e6584c2118d736c.png", "media/images/images/val_3566_e712ddeb50958ed7a19d.png", "media/images/images/val_3566_d15d0ed0e78dd5b89a1a.png", "media/images/images/val_3566_c7e7680a4cfc9a02d341.png", "media/images/images/val_3566_6686c82f261ee4b4d3ce.png", "media/images/images/val_3566_12d52119ec5bc52bca60.png"]}, "epoch/loss/val": 10.720509796403348, "_wandb": {"runtime": 1482}}