{"epochstep": 2, "batch/loss/train": 0.02565866895020008, "_timestamp": 1726500818.717503, "_runtime": 2173.4081950187683, "_step": 8112, "images/train": {"_type": "images/separated", "width": 1080, "height": 640, "format": "png", "count": 15, "filenames": ["media/images/images/train_7927_cb4803cdc683cb476024.png", "media/images/images/train_7927_2b4959d5b7ffb4d65aa2.png", "media/images/images/train_7927_c723abb26c0409a5cebc.png", "media/images/images/train_7927_6d5e1c209523c2a45b53.png", "media/images/images/train_7927_c04208ad2406e95e24ce.png", "media/images/images/train_7927_0727609860886755b968.png", "media/images/images/train_7927_b4006744081c9ad90f7e.png", "media/images/images/train_7927_bafe5f78b61ced25a930.png", "media/images/images/train_7927_4df8fc8cda0d694d8b67.png", "media/images/images/train_7927_733e86760bdf1816eb3d.png", "media/images/images/train_7927_cfac19105e3eb8058ea5.png", "media/images/images/train_7927_edc7883d5aa1e981ae5c.png", "media/images/images/train_7927_5ffb65c42fc744cede5a.png", "media/images/images/train_7927_c0d4d68c0777e407c9d2.png", "media/images/images/train_7927_9e486636b60104ecc5b7.png"]}, "batch/loss/": 0.024758072569966316, "images/val": {"_type": "images/separated", "width": 1080, "height": 640, "format": "png", "count": 15, "filenames": ["media/images/images/val_7529_d4ab591f8f2202470f1e.png", "media/images/images/val_7529_cc0af3861d795c14b6ab.png", "media/images/images/val_7529_09e0d89d48dcbe612f39.png", "media/images/images/val_7529_602620ff706193b48ce6.png", "media/images/images/val_7529_09f212c5231c944b28bd.png", "media/images/images/val_7529_16885753d9b1da0bdc8b.png", "media/images/images/val_7529_55f42546b1e3a888781b.png", "media/images/images/val_7529_4b3b47ca77b5cb2c3fb8.png", "media/images/images/val_7529_dbfbc9bd5fcf3e58a9f7.png", "media/images/images/val_7529_042e48fc1f081bb4b1d5.png", "media/images/images/val_7529_ef70b330e9b4f6fb2892.png", "media/images/images/val_7529_4929a40241a929543015.png", "media/images/images/val_7529_44cdaa03dcd0cc8e0a60.png", "media/images/images/val_7529_b37ce1ecef9b4ba8b99f.png", "media/images/images/val_7529_55167b8631e3d148dae2.png"]}, "epoch/loss/val": 7.569018007721752}